PATIENT_ID,SESSION_ID,WAV_FILE_PATH,MIN_AMPLITUDE,MAX_AMPLITUDE,MEAN_AMPLITUDE,STD_DEV_AMPLITUDE
QRID000021,QRID000021_S000605_9_29_21,/Users/MK/Library/CloudStorage/OneDrive-TheMountSinaiHospital/Q-Lab/QRID000021/QRID000021_S000605_9_29_21/QRID000021_S000605_Interactive_Wall_9_29_21/QRID000021_S000605_Interactive_Wall_kinect_audio_9_29_21_17_59_30_515.0.wav,-42433288,57698380,11776.432509502602,3646335.4043283314
QRID000021,QRID000021_S000605_9_29_21,/Users/MK/Library/CloudStorage/OneDrive-TheMountSinaiHospital/Q-Lab/QRID000021/QRID000021_S000605_9_29_21/QRID000021_S000605_Interactive_Wall_9_29_21/QRID000021_S000605_Interactive_Wall_kinect_audio_9_29_21_17_49_20_89.0.wav,-227154704,218962464,6198.432404000307,8600481.916824479
QRID000021,QRID000021_S000605_9_29_21,/Users/MK/Library/CloudStorage/OneDrive-TheMountSinaiHospital/Q-Lab/QRID000021/QRID000021_S000605_9_29_21/QRID000021_S000605_Interactive_Wall_9_29_21/QRID000021_S000605_Interactive_Wall_kinect_audio_9_29_21_17_46_53_844.0.wav,-184948240,163058544,6273.794647749619,9210628.435054237
QRID000021,QRID000021_S000605_9_29_21,/Users/MK/Library/CloudStorage/OneDrive-TheMountSinaiHospital/Q-Lab/QRID000021/QRID000021_S000605_9_29_21/QRID000021_S000605_Interactive_Wall_9_29_21/QRID000021_S000605_Interactive_Wall_kinect_audio_9_29_21_17_59_53_384.0.wav,-52000224,60446972,5749.0053298518915,3483258.882750121
QRID000021,QRID000021_S000605_9_29_21,/Users/MK/Library/CloudStorage/OneDrive-TheMountSinaiHospital/Q-Lab/QRID000021/QRID000021_S000605_9_29_21/QRID000021_S000605_Interactive_Wall_9_29_21/QRID000021_S000605_Interactive_Wall_kinect_audio_9_29_21_17_58_27_194.0.wav,-44628152,55035312,4347.870844755813,3663227.090537554
QRID000021,QRID000021_S000605_9_29_21,/Users/MK/Library/CloudStorage/OneDrive-TheMountSinaiHospital/Q-Lab/QRID000021/QRID000021_S000605_9_29_21/QRID000021_S000605_Interactive_Wall_9_29_21/QRID000021_S000605_Interactive_Wall_kinect_audio_9_29_21_17_45_16_458.0.wav,-50726412,60950340,6050.115382188454,5987318.636673713
QRID000021,QRID000021_S000605_9_29_21,/Users/MK/Library/CloudStorage/OneDrive-TheMountSinaiHospital/Q-Lab/QRID000021/QRID000021_S000605_9_29_21/QRID000021_S000605_Interactive_Wall_9_29_21/QRID000021_S000605_Interactive_Wall_kinect_audio_9_29_21_17_54_3_551.0.wav,-96554552,95216368,7037.689345029035,6840520.779378676
QRID000021,QRID000021_S000605_9_29_21,/Users/MK/Library/CloudStorage/OneDrive-TheMountSinaiHospital/Q-Lab/QRID000021/QRID000021_S000605_9_29_21/QRID000021_S000605_Interactive_Wall_9_29_21/QRID000021_S000605_Interactive_Wall_kinect_audio_9_29_21_18_4_42_506.0.wav,-40174792,37877468,396.6780941834098,4211736.944398084
QRID000021,QRID000021_S000605_9_29_21,/Users/MK/Library/CloudStorage/OneDrive-TheMountSinaiHospital/Q-Lab/QRID000021/QRID000021_S000605_9_29_21/QRID000021_S000605_Interactive_Wall_9_29_21/QRID000021_S000605_Interactive_Wall_kinect_audio_9_29_21_18_2_25_588.0.wav,-159191808,181671328,6084.77673497325,5455898.68008601
QRID000021,QRID000021_S000605_9_29_21,/Users/MK/Library/CloudStorage/OneDrive-TheMountSinaiHospital/Q-Lab/QRID000021/QRID000021_S000605_9_29_21/QRID000021_S000605_Interactive_Wall_9_29_21/QRID000021_S000605_Interactive_Wall_kinect_audio_9_29_21_18_1_0_641.0.wav,-41803576,40109256,5809.269156934219,3287809.17874752
QRID000021,QRID000021_S000605_9_29_21,/Users/MK/Library/CloudStorage/OneDrive-TheMountSinaiHospital/Q-Lab/QRID000021/QRID000021_S000605_9_29_21/QRID000021_S000605_Interactive_Wall_9_29_21/QRID000021_S000605_Interactive_Wall_kinect_audio_9_29_21_17_58_0_242.0.wav,-50706592,58656512,6567.760768060438,3466409.3653977807
QRID000021,QRID000021_S000605_9_29_21,/Users/MK/Library/CloudStorage/OneDrive-TheMountSinaiHospital/Q-Lab/QRID000021/QRID000021_S000605_9_29_21/QRID000021_S000605_Interactive_Wall_9_29_21/QRID000021_S000605_Interactive_Wall_kinect_audio_9_29_21_17_58_57_959.0.wav,-43779384,39453876,6654.209443777511,3289402.6177726975
QRID000021,QRID000021_S000605_9_29_21,/Users/MK/Library/CloudStorage/OneDrive-TheMountSinaiHospital/Q-Lab/QRID000021/QRID000021_S000605_9_29_21/QRID000021_S000605_Interactive_Wall_9_29_21/QRID000021_S000605_Interactive_Wall_kinect_audio_9_29_21_17_46_14_278.0.wav,-75368704,70387808,9927.225189337922,6567887.028914726
QRID000021,QRID000021_S000605_9_29_21,/Users/MK/Library/CloudStorage/OneDrive-TheMountSinaiHospital/Q-Lab/QRID000021/QRID000021_S000605_9_29_21/QRID000021_S000605_Window_Suite_9_29_21/QRID000021_S000605_Window_Suite_kinect_audio_9_29_21_17_42_2_884.0.wav,-464870720,383946432,-5040.715381895332,14061887.301287493
QRID000021,QRID000021_S000605_9_29_21,/Users/MK/Library/CloudStorage/OneDrive-TheMountSinaiHospital/Q-Lab/QRID000021/QRID000021_S000605_9_29_21/QRID000021_S000605_Window_Suite_9_29_21/QRID000021_S000605_Window_Suite_kinect_audio_9_29_21_17_42_52_27.0.wav,-34407448,74057936,-3322.03148252996,4595248.123079187
QRID000021,QRID000021_S000605_9_29_21,/Users/MK/Library/CloudStorage/OneDrive-TheMountSinaiHospital/Q-Lab/QRID000021/QRID000021_S000605_9_29_21/QRID000021_S000605_Window_Suite_9_29_21/QRID000021_S000605_Window_Suite_kinect_audio_9_29_21_17_43_20_330.0.wav,-20447856,20185704,3278.689806851312,4146226.8143350026
QRID000021,QRID000021_S000605_9_29_21,/Users/MK/Library/CloudStorage/OneDrive-TheMountSinaiHospital/Q-Lab/QRID000021/QRID000021_S000605_9_29_21/QRID000021_S000605_Interview_Lounge_9_29_21/QRID000021_S000605_Interview_Lounge_Interview_Lounge_Shotgun_Mic_AT875R_9_29_21_18_4_57_433.0.wav,-2147483648,2147483392,10891.360879061787,173357359.62328213
QRID000021,QRID000021_S000605_9_29_21,/Users/MK/Library/CloudStorage/OneDrive-TheMountSinaiHospital/Q-Lab/QRID000021/QRID000021_S000605_9_29_21/QRID000021_S000605_Interview_Lounge_9_29_21/QRID000021_S000605_Interview_Lounge_Interview_Lounge_Shotgun_Mic_AT875R_9_29_21_18_9_36_116.0.wav,-2147483648,2147483392,-232626.91746206622,548357318.0834627
QRID000021,QRID000021_S000605_9_29_21,/Users/MK/Library/CloudStorage/OneDrive-TheMountSinaiHospital/Q-Lab/QRID000021/QRID000021_S000605_9_29_21/QRID000021_S000605_Interview_Lounge_9_29_21/QRID000021_S000605_Interview_Lounge_Interview_Lounge_Shotgun_Mic_AT875R_9_29_21_17_44_24_333.0.wav,-1032468160,1324862208,14200.134681969068,128866498.25274971
QRID000026,QRID000026_S000645_11_12_21,/Users/MK/Library/CloudStorage/OneDrive-TheMountSinaiHospital/Q-Lab/QRID000026/QRID000026_S000645_11_12_21/QRID000026_S000645_Interview_Lounge_11_12_21/QRID000026_S000645_Interview_Lounge_Interview_Lounge_Shotgun_Mic_AT875R_11_12_21_15_36_41_917.0.wav,-2147483648,2147483392,22036.78437432298,239266722.57210022
QRID000026,QRID000026_S000645_11_12_21,/Users/MK/Library/CloudStorage/OneDrive-TheMountSinaiHospital/Q-Lab/QRID000026/QRID000026_S000645_11_12_21/QRID000026_S000645_Interview_Lounge_11_12_21/QRID000026_S000645_Interview_Lounge_Interview_Lounge_Shotgun_Mic_AT875R_11_12_21_14_51_55_121.0.wav,-2147483648,2147483392,-14383.56129499268,336186744.7565313
QRID000026,QRID000026_S000645_11_12_21,/Users/MK/Library/CloudStorage/OneDrive-TheMountSinaiHospital/Q-Lab/QRID000026/QRID000026_S000645_11_12_21/QRID000026_S000645_Interview_Lounge_11_12_21/QRID000026_S000645_Interview_Lounge_Interview_Lounge_Shotgun_Mic_AT875R_11_12_21_15_17_15_21.0.wav,-2147483648,2147483392,-151067.53354924443,392510558.89433706
QRID000026,QRID000026_S000645_11_12_21,/Users/MK/Library/CloudStorage/OneDrive-TheMountSinaiHospital/Q-Lab/QRID000026/QRID000026_S000645_11_12_21/QRID000026_S000645_Window_Suite_11_12_21/QRID000026_S000645_Window_Suite_kinect_audio_11_12_21_14_50_33_217.0.wav,-41288940,36963432,479.3483108689548,3642907.5482363217
QRID000026,QRID000026_S000645_11_12_21,/Users/MK/Library/CloudStorage/OneDrive-TheMountSinaiHospital/Q-Lab/QRID000026/QRID000026_S000645_11_12_21/QRID000026_S000645_Window_Suite_11_12_21/QRID000026_S000645_Window_Suite_kinect_audio_11_12_21_14_47_8_649.0.wav,-32769000,31130550,6411.504499393118,5179624.62015562
QRID000026,QRID000026_S000645_11_12_21,/Users/MK/Library/CloudStorage/OneDrive-TheMountSinaiHospital/Q-Lab/QRID000026/QRID000026_S000645_11_12_21/QRID000026_S000645_Window_Suite_11_12_21/QRID000026_S000645_Window_Suite_kinect_audio_11_12_21_14_49_18_817.0.wav,-57345752,52495936,257.6081292517007,4747238.966514984
QRID000026,QRID000026_S000645_11_12_21,/Users/MK/Library/CloudStorage/OneDrive-TheMountSinaiHospital/Q-Lab/QRID000026/QRID000026_S000645_11_12_21/QRID000026_S000645_Window_Suite_11_12_21/QRID000026_S000645_Window_Suite_kinect_audio_11_12_21_14_50_0_894.0.wav,-27977564,34455080,4444.949494465978,3390772.83017229
QRID000026,QRID000026_S000645_11_12_21,/Users/MK/Library/CloudStorage/OneDrive-TheMountSinaiHospital/Q-Lab/QRID000026/QRID000026_S000645_11_12_21/QRID000026_S000645_Interactive_Wall_11_12_21/QRID000026_S000645_Interactive_Wall_kinect_audio_11_12_21_14_56_36_437.0.wav,-42021676,52954704,-4348.529726100966,2967304.1991534084
QRID000026,QRID000026_S000645_11_12_21,/Users/MK/Library/CloudStorage/OneDrive-TheMountSinaiHospital/Q-Lab/QRID000026/QRID000026_S000645_11_12_21/QRID000026_S000645_Interactive_Wall_11_12_21/QRID000026_S000645_Interactive_Wall_kinect_audio_11_12_21_15_3_57_647.0.wav,-37049384,38466700,-790.9381743446564,2907671.2681063227
QRID000026,QRID000026_S000645_11_12_21,/Users/MK/Library/CloudStorage/OneDrive-TheMountSinaiHospital/Q-Lab/QRID000026/QRID000026_S000645_11_12_21/QRID000026_S000645_Interactive_Wall_11_12_21/QRID000026_S000645_Interactive_Wall_kinect_audio_11_12_21_15_0_3_141.0.wav,-40133008,44557804,253.37928091941623,3320940.320004967
QRID000026,QRID000026_S000645_11_12_21,/Users/MK/Library/CloudStorage/OneDrive-TheMountSinaiHospital/Q-Lab/QRID000026/QRID000026_S000645_11_12_21/QRID000026_S000645_Interactive_Wall_11_12_21/QRID000026_S000645_Interactive_Wall_kinect_audio_11_12_21_14_59_10_786.0.wav,-45483372,44715488,2131.1425598585893,3007175.528417005
QRID000026,QRID000026_S000645_11_12_21,/Users/MK/Library/CloudStorage/OneDrive-TheMountSinaiHospital/Q-Lab/QRID000026/QRID000026_S000645_11_12_21/QRID000026_S000645_Interactive_Wall_11_12_21/QRID000026_S000645_Interactive_Wall_kinect_audio_11_12_21_15_0_48_29.0.wav,-35073548,46138752,-1128.0081086543341,2660915.600272622
QRID000026,QRID000026_S000645_11_12_21,/Users/MK/Library/CloudStorage/OneDrive-TheMountSinaiHospital/Q-Lab/QRID000026/QRID000026_S000645_11_12_21/QRID000026_S000645_Interactive_Wall_11_12_21/QRID000026_S000645_Interactive_Wall_kinect_audio_11_12_21_15_2_1_998.0.wav,-42337548,49546728,-189.85424319727892,3164398.688350355
QRID000026,QRID000026_S000645_11_12_21,/Users/MK/Library/CloudStorage/OneDrive-TheMountSinaiHospital/Q-Lab/QRID000026/QRID000026_S000645_11_12_21/QRID000026_S000645_Interactive_Wall_11_12_21/QRID000026_S000645_Interactive_Wall_kinect_audio_11_12_21_15_13_18_514.0.wav,-117771784,136384576,-1052.5901421690617,5611347.544752509
QRID000026,QRID000026_S000645_11_12_21,/Users/MK/Library/CloudStorage/OneDrive-TheMountSinaiHospital/Q-Lab/QRID000026/QRID000026_S000645_11_12_21/QRID000026_S000645_Interactive_Wall_11_12_21/QRID000026_S000645_Interactive_Wall_kinect_audio_11_12_21_15_5_50_555.0.wav,-58310912,48066856,4418.154586409031,7135679.505234903
QRID000026,QRID000026_S000645_11_12_21,/Users/MK/Library/CloudStorage/OneDrive-TheMountSinaiHospital/Q-Lab/QRID000026/QRID000026_S000645_11_12_21/QRID000026_S000645_Interactive_Wall_11_12_21/QRID000026_S000645_Interactive_Wall_kinect_audio_11_12_21_15_7_37_240.0.wav,-95488864,90311360,-343.18644768553145,4634438.971258131
QRID000026,QRID000026_S000645_11_12_21,/Users/MK/Library/CloudStorage/OneDrive-TheMountSinaiHospital/Q-Lab/QRID000026/QRID000026_S000645_11_12_21/QRID000026_S000645_Interactive_Wall_11_12_21/QRID000026_S000645_Interactive_Wall_kinect_audio_11_12_21_14_55_31_806.0.wav,-37533932,35604324,26.917471145761674,2782665.72475201
QRID000026,QRID000026_S000645_11_12_21,/Users/MK/Library/CloudStorage/OneDrive-TheMountSinaiHospital/Q-Lab/QRID000026/QRID000026_S000645_11_12_21/QRID000026_S000645_Interactive_Wall_11_12_21/QRID000026_S000645_Interactive_Wall_kinect_audio_11_12_21_14_55_59_860.0.wav,-40589868,52099676,2045.390731467845,3464820.62386593
QRID000026,QRID000026_S000645_11_12_21,/Users/MK/Library/CloudStorage/OneDrive-TheMountSinaiHospital/Q-Lab/QRID000026/QRID000026_S000645_11_12_21/QRID000026_S000645_Interactive_Wall_11_12_21/QRID000026_S000645_Interactive_Wall_kinect_audio_11_12_21_15_6_21_813.0.wav,-86444624,82577880,-707.6536836146333,8246595.696320472
QRID000026,QRID000026_S000645_11_12_21,/Users/MK/Library/CloudStorage/OneDrive-TheMountSinaiHospital/Q-Lab/QRID000026/QRID000026_S000645_11_12_21/QRID000026_S000645_Interactive_Wall_11_12_21/QRID000026_S000645_Interactive_Wall_kinect_audio_11_12_21_14_55_0_847.0.wav,-33016110,34128644,3597.4701887855736,2772190.388555397
QRID000019,QRID000019_S000592_9_16_21,/Users/MK/Library/CloudStorage/OneDrive-TheMountSinaiHospital/Q-Lab/QRID000019/QRID000019_S000592_9_16_21/QRID000019_S000592_Interview_Lounge_9_16_21/QRID000019_S000592_Interview_Lounge_Interview_Lounge_Shotgun_Mic_AT875R_9_16_21_13_42_6_13.0.wav,-575188096,716059584,128788.97886904761,134617608.7774648
QRID000019,QRID000019_S000592_9_16_21,/Users/MK/Library/CloudStorage/OneDrive-TheMountSinaiHospital/Q-Lab/QRID000019/QRID000019_S000592_9_16_21/QRID000019_S000592_Interview_Lounge_9_16_21/QRID000019_S000592_Interview_Lounge_Interview_Lounge_Shotgun_Mic_AT875R_9_16_21_13_43_2_665.0.wav,-752917824,806051840,12827.207028600915,58259719.125454254
QRID000019,QRID000019_S000592_9_16_21,/Users/MK/Library/CloudStorage/OneDrive-TheMountSinaiHospital/Q-Lab/QRID000019/QRID000019_S000592_9_16_21/QRID000019_S000592_Interview_Lounge_9_16_21/QRID000019_S000592_Interview_Lounge_Interview_Lounge_Shotgun_Mic_AT875R_9_16_21_13_42_14_0.0.wav,-1213798272,1571780736,6164.64442414883,68226901.64292733
QRID000019,QRID000019_S000592_9_16_21,/Users/MK/Library/CloudStorage/OneDrive-TheMountSinaiHospital/Q-Lab/QRID000019/QRID000019_S000592_9_16_21/QRID000019_S000592_Interview_Lounge_9_16_21/QRID000019_S000592_Interview_Lounge_Interview_Lounge_Shotgun_Mic_AT875R_9_16_21_14_3_7_87.0.wav,-1806435584,2147483392,15883.74530329963,86038223.92359908
QRID000019,QRID000019_S000592_9_16_21,/Users/MK/Library/CloudStorage/OneDrive-TheMountSinaiHospital/Q-Lab/QRID000019/QRID000019_S000592_9_16_21/QRID000019_S000592_Window_Suite_9_16_21/QRID000019_S000592_Window_Suite_kinect_audio_9_16_21_13_37_27_779.0.wav,-154997376,104270960,-9741.19002189917,6505769.96651065
QRID000019,QRID000019_S000592_9_16_21,/Users/MK/Library/CloudStorage/OneDrive-TheMountSinaiHospital/Q-Lab/QRID000019/QRID000019_S000592_9_16_21/QRID000019_S000592_Window_Suite_9_16_21/QRID000019_S000592_Window_Suite_kinect_audio_9_16_21_13_38_18_468.0.wav,-22348458,23462604,1193.8603995722,4462027.228614406
QRID000019,QRID000019_S000592_9_16_21,/Users/MK/Library/CloudStorage/OneDrive-TheMountSinaiHospital/Q-Lab/QRID000019/QRID000019_S000592_9_16_21/QRID000019_S000592_Window_Suite_9_16_21/QRID000019_S000592_Window_Suite_kinect_audio_9_16_21_14_19_59_786.0.wav,-56972416,59139524,1362.1803094717684,5295878.845249066
QRID000019,QRID000019_S000592_9_16_21,/Users/MK/Library/CloudStorage/OneDrive-TheMountSinaiHospital/Q-Lab/QRID000019/QRID000019_S000592_9_16_21/QRID000019_S000592_Window_Suite_9_16_21/QRID000019_S000592_Window_Suite_kinect_audio_9_16_21_13_38_46_963.0.wav,-29430490,33450274,-1422.5563503898427,4586324.521634106
QRID000019,QRID000019_S000592_9_16_21,/Users/MK/Library/CloudStorage/OneDrive-TheMountSinaiHospital/Q-Lab/QRID000019/QRID000019_S000592_9_16_21/QRID000019_S000592_Interactive_Wall_9_16_21/QRID000019_S000592_Interactive_Wall_kinect_audio_9_16_21_13_56_35_861.0.wav,-34514060,38654744,1212.8602424696912,3330458.834172432
QRID000019,QRID000019_S000592_9_16_21,/Users/MK/Library/CloudStorage/OneDrive-TheMountSinaiHospital/Q-Lab/QRID000019/QRID000019_S000592_9_16_21/QRID000019_S000592_Interactive_Wall_9_16_21/QRID000019_S000592_Interactive_Wall_kinect_audio_9_16_21_13_57_5_921.0.wav,-51455924,55356052,3329.419124218052,4627080.74488656
QRID000019,QRID000019_S000592_9_16_21,/Users/MK/Library/CloudStorage/OneDrive-TheMountSinaiHospital/Q-Lab/QRID000019/QRID000019_S000592_9_16_21/QRID000019_S000592_Interactive_Wall_9_16_21/QRID000019_S000592_Interactive_Wall_kinect_audio_9_16_21_13_45_37_37.0.wav,-105496712,104041840,7069.244454128033,6594810.357261935
QRID000019,QRID000019_S000592_9_16_21,/Users/MK/Library/CloudStorage/OneDrive-TheMountSinaiHospital/Q-Lab/QRID000019/QRID000019_S000592_9_16_21/QRID000019_S000592_Interactive_Wall_9_16_21/QRID000019_S000592_Interactive_Wall_kinect_audio_9_16_21_13_55_51_374.0.wav,-38208656,40895712,3521.283721053188,3367592.0259253215
QRID000019,QRID000019_S000592_9_16_21,/Users/MK/Library/CloudStorage/OneDrive-TheMountSinaiHospital/Q-Lab/QRID000019/QRID000019_S000592_9_16_21/QRID000019_S000592_Interactive_Wall_9_16_21/QRID000019_S000592_Interactive_Wall_kinect_audio_9_16_21_13_46_33_44.0.wav,-45215848,51497828,899.9187859759288,4658866.943833048
QRID000019,QRID000019_S000592_9_16_21,/Users/MK/Library/CloudStorage/OneDrive-TheMountSinaiHospital/Q-Lab/QRID000019/QRID000019_S000592_9_16_21/QRID000019_S000592_Interactive_Wall_9_16_21/QRID000019_S000592_Interactive_Wall_kinect_audio_9_16_21_13_57_33_670.0.wav,-39506164,50592480,-877.337820265721,3453200.6339921234
QRID000019,QRID000019_S000592_9_16_21,/Users/MK/Library/CloudStorage/OneDrive-TheMountSinaiHospital/Q-Lab/QRID000019/QRID000019_S000592_9_16_21/QRID000019_S000592_Interactive_Wall_9_16_21/QRID000019_S000592_Interactive_Wall_kinect_audio_9_16_21_13_58_53_653.0.wav,-102108208,99290072,591.362473493902,3530220.8398017976
QRID000019,QRID000019_S000592_9_16_21,/Users/MK/Library/CloudStorage/OneDrive-TheMountSinaiHospital/Q-Lab/QRID000019/QRID000019_S000592_9_16_21/QRID000019_S000592_Interactive_Wall_9_16_21/QRID000019_S000592_Interactive_Wall_kinect_audio_9_16_21_13_56_12_432.0.wav,-30933936,35764996,-290.86028511127444,3326963.8734471216
QRID000019,QRID000019_S000592_9_16_21,/Users/MK/Library/CloudStorage/OneDrive-TheMountSinaiHospital/Q-Lab/QRID000019/QRID000019_S000592_9_16_21/QRID000019_S000592_Interactive_Wall_9_16_21/QRID000019_S000592_Interactive_Wall_kinect_audio_9_16_21_14_0_32_8.0.wav,-111938904,108924160,1990.7666243664983,5414246.9148393385
QRID000019,QRID000019_S000592_9_16_21,/Users/MK/Library/CloudStorage/OneDrive-TheMountSinaiHospital/Q-Lab/QRID000019/QRID000019_S000592_9_16_21/QRID000019_S000592_Interactive_Wall_9_16_21/QRID000019_S000592_Interactive_Wall_kinect_audio_9_16_21_13_47_30_606.0.wav,-69792952,56407144,582.792013699863,4016721.269778766
QRID000019,QRID000019_S000592_9_16_21,/Users/MK/Library/CloudStorage/OneDrive-TheMountSinaiHospital/Q-Lab/QRID000019/QRID000019_S000592_9_16_21/QRID000019_S000592_Interactive_Wall_9_16_21/QRID000019_S000592_Interactive_Wall_kinect_audio_9_16_21_13_44_49_869.0.wav,-31781108,29111048,2040.7398359772174,4476589.679885467
QRID000010,QRID000010_S000553_8_3_21,/Users/MK/Library/CloudStorage/OneDrive-TheMountSinaiHospital/Q-Lab/QRID000010/QRID000010_S000553_8_3_21/QRID000010_S000553_Interview_Lounge_8_3_21/QRID000010_S000553_Interview_Lounge_Interview_Lounge_Shotgun_Mic_AT875R_8_3_21_14_52_56_503.0.wav,-1863614208,2147483392,17451.560995405216,195706402.59104538
QRID000010,QRID000010_S000553_8_3_21,/Users/MK/Library/CloudStorage/OneDrive-TheMountSinaiHospital/Q-Lab/QRID000010/QRID000010_S000553_8_3_21/QRID000010_S000553_Interview_Lounge_8_3_21/QRID000010_S000553_Interview_Lounge_Interview_Lounge_Shotgun_Mic_AT875R_8_3_21_15_11_17_196.0.wav,-2147483648,2147483392,4855.684589422189,207211292.07163587
QRID000010,QRID000010_S000553_8_3_21,/Users/MK/Library/CloudStorage/OneDrive-TheMountSinaiHospital/Q-Lab/QRID000010/QRID000010_S000553_8_3_21/QRID000010_S000553_Interview_Lounge_8_3_21/QRID000010_S000553_Interview_Lounge_Interview_Lounge_Shotgun_Mic_AT875R_8_3_21_15_3_51_254.0.wav,-2147483648,2147483392,-3002.77847090379,226566776.2556204
QRID000010,QRID000010_S000553_8_3_21,/Users/MK/Library/CloudStorage/OneDrive-TheMountSinaiHospital/Q-Lab/QRID000010/QRID000010_S000553_8_3_21/QRID000010_S000553_Interview_Lounge_8_3_21/QRID000010_S000553_Interview_Lounge_Interview_Lounge_Shotgun_Mic_AT875R_8_3_21_14_51_7_576.0.wav,-1661665536,2136499456,20988.873836734692,178695566.5022763
QRID000010,QRID000010_S000553_8_3_21,/Users/MK/Library/CloudStorage/OneDrive-TheMountSinaiHospital/Q-Lab/QRID000010/QRID000010_S000553_8_3_21/QRID000010_S000553_Interactive_Wall_8_3_21/QRID000010_S000553_Interactive_Wall_kinect_audio_8_3_21_15_3_44_61.0.wav,-68538288,68569800,4264.19282278568,6008936.373637957
QRID000010,QRID000010_S000553_8_3_21,/Users/MK/Library/CloudStorage/OneDrive-TheMountSinaiHospital/Q-Lab/QRID000010/QRID000010_S000553_8_3_21/QRID000010_S000553_Interactive_Wall_8_3_21/QRID000010_S000553_Interactive_Wall_kinect_audio_8_3_21_14_54_23_879.0.wav,-103615576,103287888,7800.20293269191,8968728.79913219
QRID000010,QRID000010_S000553_8_3_21,/Users/MK/Library/CloudStorage/OneDrive-TheMountSinaiHospital/Q-Lab/QRID000010/QRID000010_S000553_8_3_21/QRID000010_S000553_Interactive_Wall_8_3_21/QRID000010_S000553_Interactive_Wall_kinect_audio_8_3_21_15_0_37_111.0.wav,-234232816,192485104,3560.7705180731136,5856782.687444585
QRID000010,QRID000010_S000553_8_3_21,/Users/MK/Library/CloudStorage/OneDrive-TheMountSinaiHospital/Q-Lab/QRID000010/QRID000010_S000553_8_3_21/QRID000010_S000553_Interactive_Wall_8_3_21/QRID000010_S000553_Interactive_Wall_kinect_audio_8_3_21_14_54_54_302.0.wav,-116395488,137629792,4267.753877933899,4651624.459053343
QRID000010,QRID000010_S000553_8_3_21,/Users/MK/Library/CloudStorage/OneDrive-TheMountSinaiHospital/Q-Lab/QRID000010/QRID000010_S000553_8_3_21/QRID000010_S000553_Window_Suite_8_3_21/QRID000010_S000553_Window_Suite_kinect_audio_8_3_21_14_48_37_632.0.wav,-71305344,64161704,-303.273353432282,6936621.868030694
QRID000010,QRID000010_S000553_8_3_21,/Users/MK/Library/CloudStorage/OneDrive-TheMountSinaiHospital/Q-Lab/QRID000010/QRID000010_S000553_8_3_21/QRID000010_S000553_Window_Suite_8_3_21/QRID000010_S000553_Window_Suite_kinect_audio_8_3_21_14_47_17_116.0.wav,-89918136,82905568,-1290.937849517031,5675667.929280428
QRID000010,QRID000010_S000553_8_3_21,/Users/MK/Library/CloudStorage/OneDrive-TheMountSinaiHospital/Q-Lab/QRID000010/QRID000010_S000553_8_3_21/QRID000010_S000553_Window_Suite_8_3_21/QRID000010_S000553_Window_Suite_kinect_audio_8_3_21_14_47_57_538.0.wav,-38601880,48301504,-621.1528524714607,5449058.00031047
QRID000010,QRID000010_S000526_7_20_21,/Users/MK/Library/CloudStorage/OneDrive-TheMountSinaiHospital/Q-Lab/QRID000010/QRID000010_S000526_7_20_21/QRID000010_S000526_Interview_Lounge_7_20_21/QRID000010_S000526_Interview_Lounge_Interview_Lounge_Shotgun_Mic_AT875R_7_20_21_13_23_31_591.0.wav,-2147483648,2147483392,-73221.69191809236,254899286.99571574
QRID000010,QRID000010_S000526_7_20_21,/Users/MK/Library/CloudStorage/OneDrive-TheMountSinaiHospital/Q-Lab/QRID000010/QRID000010_S000526_7_20_21/QRID000010_S000526_Interview_Lounge_7_20_21/QRID000010_S000526_Interview_Lounge_Interview_Lounge_Shotgun_Mic_AT875R_7_20_21_13_10_41_765.0.wav,-1863799808,2147483392,15930.515034857835,254084268.8152472
QRID000010,QRID000010_S000526_7_20_21,/Users/MK/Library/CloudStorage/OneDrive-TheMountSinaiHospital/Q-Lab/QRID000010/QRID000010_S000526_7_20_21/QRID000010_S000526_Interview_Lounge_7_20_21/QRID000010_S000526_Interview_Lounge_Interview_Lounge_Shotgun_Mic_AT875R_7_20_21_13_33_37_571.0.wav,No Valid Audio Data,,,
QRID000017,QRID000017_S000573_8_20_21,/Users/MK/Library/CloudStorage/OneDrive-TheMountSinaiHospital/Q-Lab/QRID000017/QRID000017_S000573_8_20_21/QRID000017_S000573_Interactive_Wall_8_20_21/QRID000017_S000573_Interactive_Wall_kinect_audio_8_20_21_14_44_15_371.0.wav,-57345752,61671256,1925.6919915636506,4607183.540453449
QRID000017,QRID000017_S000573_8_20_21,/Users/MK/Library/CloudStorage/OneDrive-TheMountSinaiHospital/Q-Lab/QRID000017/QRID000017_S000573_8_20_21/QRID000017_S000573_Interactive_Wall_8_20_21/QRID000017_S000573_Interactive_Wall_kinect_audio_8_20_21_14_40_22_687.0.wav,-46027844,47432380,5162.603771627902,3925354.480860049
QRID000017,QRID000017_S000573_8_20_21,/Users/MK/Library/CloudStorage/OneDrive-TheMountSinaiHospital/Q-Lab/QRID000017/QRID000017_S000573_8_20_21/QRID000017_S000573_Interactive_Wall_8_20_21/QRID000017_S000573_Interactive_Wall_kinect_audio_8_20_21_13_51_21_893.0.wav,-105909408,132255680,2901.7718617705386,4097320.1285088616
QRID000017,QRID000017_S000573_8_20_21,/Users/MK/Library/CloudStorage/OneDrive-TheMountSinaiHospital/Q-Lab/QRID000017/QRID000017_S000573_8_20_21/QRID000017_S000573_Interactive_Wall_8_20_21/QRID000017_S000573_Interactive_Wall_kinect_audio_8_20_21_13_48_59_380.0.wav,-223484576,175445232,2839.8638645497454,8389749.4880556
QRID000017,QRID000017_S000573_8_20_21,/Users/MK/Library/CloudStorage/OneDrive-TheMountSinaiHospital/Q-Lab/QRID000017/QRID000017_S000573_8_20_21/QRID000017_S000573_Interactive_Wall_8_20_21/QRID000017_S000573_Interactive_Wall_kinect_audio_8_20_21_14_42_44_607.0.wav,-52862736,60009416,1856.6991209669782,3582793.9848277285
QRID000017,QRID000017_S000573_8_20_21,/Users/MK/Library/CloudStorage/OneDrive-TheMountSinaiHospital/Q-Lab/QRID000017/QRID000017_S000573_8_20_21/QRID000017_S000573_Interactive_Wall_8_20_21/QRID000017_S000573_Interactive_Wall_kinect_audio_8_20_21_14_39_25_240.0.wav,-51043744,47645236,2470.7274686318974,3634442.9976034802
QRID000017,QRID000017_S000573_8_20_21,/Users/MK/Library/CloudStorage/OneDrive-TheMountSinaiHospital/Q-Lab/QRID000017/QRID000017_S000573_8_20_21/QRID000017_S000573_Interactive_Wall_8_20_21/QRID000017_S000573_Interactive_Wall_kinect_audio_8_20_21_13_56_35_777.0.wav,-88803992,108203240,2545.0097593783516,4817492.6154479915
QRID000017,QRID000017_S000573_8_20_21,/Users/MK/Library/CloudStorage/OneDrive-TheMountSinaiHospital/Q-Lab/QRID000017/QRID000017_S000573_8_20_21/QRID000017_S000573_Interactive_Wall_8_20_21/QRID000017_S000573_Interactive_Wall_kinect_audio_8_20_21_14_39_48_732.0.wav,-43156864,36211176,-776.8764178759322,3470614.466841662
QRID000017,QRID000017_S000573_8_20_21,/Users/MK/Library/CloudStorage/OneDrive-TheMountSinaiHospital/Q-Lab/QRID000017/QRID000017_S000573_8_20_21/QRID000017_S000573_Interactive_Wall_8_20_21/QRID000017_S000573_Interactive_Wall_kinect_audio_8_20_21_14_23_37_998.0.wav,-35849288,31654854,271.5110429195833,3448535.822846714
QRID000017,QRID000017_S000573_8_20_21,/Users/MK/Library/CloudStorage/OneDrive-TheMountSinaiHospital/Q-Lab/QRID000017/QRID000017_S000573_8_20_21/QRID000017_S000573_Interactive_Wall_8_20_21/QRID000017_S000573_Interactive_Wall_kinect_audio_8_20_21_14_41_30_179.0.wav,-62523252,68150056,758.7067376310865,3777960.1512869475
QRID000017,QRID000017_S000573_8_20_21,/Users/MK/Library/CloudStorage/OneDrive-TheMountSinaiHospital/Q-Lab/QRID000017/QRID000017_S000573_8_20_21/QRID000017_S000573_Interactive_Wall_8_20_21/QRID000017_S000573_Interactive_Wall_kinect_audio_8_20_21_14_40_53_468.0.wav,-46193040,46026784,-208.74211286380805,3350074.621598805
QRID000017,QRID000017_S000573_8_20_21,/Users/MK/Library/CloudStorage/OneDrive-TheMountSinaiHospital/Q-Lab/QRID000017/QRID000017_S000573_8_20_21/QRID000017_S000573_Interview_Lounge_8_20_21/QRID000017_S000573_Interview_Lounge_Interview_Lounge_Shotgun_Mic_AT875R_8_20_21_13_59_46_795.0.wav,-2147483648,2147483392,15772.778133581092,136618079.44552287
QRID000017,QRID000017_S000573_8_20_21,/Users/MK/Library/CloudStorage/OneDrive-TheMountSinaiHospital/Q-Lab/QRID000017/QRID000017_S000573_8_20_21/QRID000017_S000573_Interview_Lounge_8_20_21/QRID000017_S000573_Interview_Lounge_Interview_Lounge_Shotgun_Mic_AT875R_8_20_21_13_47_38_15.0.wav,-503077632,551140864,16931.564878626836,67626650.84503542
QRID000017,QRID000017_S000573_8_20_21,/Users/MK/Library/CloudStorage/OneDrive-TheMountSinaiHospital/Q-Lab/QRID000017/QRID000017_S000573_8_20_21/QRID000017_S000573_Interview_Lounge_8_20_21/QRID000017_S000573_Interview_Lounge_Interview_Lounge_Shotgun_Mic_AT875R_8_20_21_13_47_11_603.0.wav,-332604384,420987456,45315.86296746678,50675241.059802465
QRID000017,QRID000017_S000573_8_20_21,/Users/MK/Library/CloudStorage/OneDrive-TheMountSinaiHospital/Q-Lab/QRID000017/QRID000017_S000573_8_20_21/QRID000017_S000573_Window_Suite_8_20_21/QRID000017_S000573_Window_Suite_kinect_audio_8_20_21_13_45_41_859.0.wav,-34727372,39978180,-4615.034788524105,4598970.1511685755
QRID000017,QRID000017_S000573_8_20_21,/Users/MK/Library/CloudStorage/OneDrive-TheMountSinaiHospital/Q-Lab/QRID000017/QRID000017_S000573_8_20_21/QRID000017_S000573_Window_Suite_8_20_21/QRID000017_S000573_Window_Suite_kinect_audio_8_20_21_13_44_2_183.0.wav,-61848764,58623116,4253.067125417556,5290519.498179223
QRID000017,QRID000017_S000573_8_20_21,/Users/MK/Library/CloudStorage/OneDrive-TheMountSinaiHospital/Q-Lab/QRID000017/QRID000017_S000573_8_20_21/QRID000017_S000573_Window_Suite_8_20_21/QRID000017_S000573_Window_Suite_kinect_audio_8_20_21_13_44_50_969.0.wav,-39322800,33948684,-5491.965999555808,4811474.084854402
QRID000028,QRID000028_S000656_11_19_21,/Users/MK/Library/CloudStorage/OneDrive-TheMountSinaiHospital/Q-Lab/QRID000028/QRID000028_S000656_11_19_21/QRID000028_S000656_Interactive_Wall_11_19_21/QRID000028_S000656_Interactive_Wall_kinect_audio_11_19_21_16_42_49_693.0.wav,-61769584,49823864,1604.3328945975277,3404726.3155656178
QRID000028,QRID000028_S000656_11_19_21,/Users/MK/Library/CloudStorage/OneDrive-TheMountSinaiHospital/Q-Lab/QRID000028/QRID000028_S000656_11_19_21/QRID000028_S000656_Interactive_Wall_11_19_21/QRID000028_S000656_Interactive_Wall_kinect_audio_11_19_21_16_49_56_7.0.wav,-80715600,70649968,-6021.327855805243,3623600.095215944
QRID000028,QRID000028_S000656_11_19_21,/Users/MK/Library/CloudStorage/OneDrive-TheMountSinaiHospital/Q-Lab/QRID000028/QRID000028_S000656_11_19_21/QRID000028_S000656_Interactive_Wall_11_19_21/QRID000028_S000656_Interactive_Wall_kinect_audio_11_19_21_16_47_29_535.0.wav,-96678552,100924224,-5504.334260765328,4514264.091263308
QRID000028,QRID000028_S000656_11_19_21,/Users/MK/Library/CloudStorage/OneDrive-TheMountSinaiHospital/Q-Lab/QRID000028/QRID000028_S000656_11_19_21/QRID000028_S000656_Interactive_Wall_11_19_21/QRID000028_S000656_Interactive_Wall_kinect_audio_11_19_21_16_51_53_644.0.wav,-15464538,17793342,-16483.43231972789,3169770.1284769513
QRID000028,QRID000028_S000656_11_19_21,/Users/MK/Library/CloudStorage/OneDrive-TheMountSinaiHospital/Q-Lab/QRID000028/QRID000028_S000656_11_19_21/QRID000028_S000656_Interactive_Wall_11_19_21/QRID000028_S000656_Interactive_Wall_kinect_audio_11_19_21_16_46_21_99.0.wav,-113642896,142086384,-5143.1744700715335,6233724.5777176805
QRID000028,QRID000028_S000656_11_19_21,/Users/MK/Library/CloudStorage/OneDrive-TheMountSinaiHospital/Q-Lab/QRID000028/QRID000028_S000656_11_19_21/QRID000028_S000656_Interactive_Wall_11_19_21/QRID000028_S000656_Interactive_Wall_kinect_audio_11_19_21_16_45_17_460.0.wav,-48844792,59185356,-6027.769438044035,3684283.5781275677
QRID000028,QRID000028_S000656_11_19_21,/Users/MK/Library/CloudStorage/OneDrive-TheMountSinaiHospital/Q-Lab/QRID000028/QRID000028_S000656_11_19_21/QRID000028_S000656_Interactive_Wall_11_19_21/QRID000028_S000656_Interactive_Wall_kinect_audio_11_19_21_16_43_36_735.0.wav,-45247032,55498328,-3442.0150829644026,3270800.0302968076
QRID000028,QRID000028_S000656_11_19_21,/Users/MK/Library/CloudStorage/OneDrive-TheMountSinaiHospital/Q-Lab/QRID000028/QRID000028_S000656_11_19_21/QRID000028_S000656_Interactive_Wall_11_19_21/QRID000028_S000656_Interactive_Wall_kinect_audio_11_19_21_16_45_38_171.0.wav,-44232780,49557436,-3207.897242864537,3566982.243784209
QRID000028,QRID000028_S000656_11_19_21,/Users/MK/Library/CloudStorage/OneDrive-TheMountSinaiHospital/Q-Lab/QRID000028/QRID000028_S000656_11_19_21/QRID000028_S000656_Interactive_Wall_11_19_21/QRID000028_S000656_Interactive_Wall_kinect_audio_11_19_21_16_52_49_11.0.wav,-131665840,127536944,-5926.365467600259,9290229.13421592
QRID000028,QRID000028_S000656_11_19_21,/Users/MK/Library/CloudStorage/OneDrive-TheMountSinaiHospital/Q-Lab/QRID000028/QRID000028_S000656_11_19_21/QRID000028_S000656_Interactive_Wall_11_19_21/QRID000028_S000656_Interactive_Wall_kinect_audio_11_19_21_16_54_57_820.0.wav,-128782168,140447936,-5245.633022428011,5136957.49634081
QRID000028,QRID000028_S000656_11_19_21,/Users/MK/Library/CloudStorage/OneDrive-TheMountSinaiHospital/Q-Lab/QRID000028/QRID000028_S000656_11_19_21/QRID000028_S000656_Interactive_Wall_11_19_21/QRID000028_S000656_Interactive_Wall_kinect_audio_11_19_21_16_43_12_644.0.wav,-53331816,47899504,804.9589569160997,3569664.195350263
QRID000028,QRID000028_S000656_11_19_21,/Users/MK/Library/CloudStorage/OneDrive-TheMountSinaiHospital/Q-Lab/QRID000028/QRID000028_S000656_11_19_21/QRID000028_S000656_Interactive_Wall_11_19_21/QRID000028_S000656_Interactive_Wall_kinect_audio_11_19_21_17_0_14_910.0.wav,-129961856,133238752,-4183.079933531344,5799291.383098412
QRID000028,QRID000028_S000656_11_19_21,/Users/MK/Library/CloudStorage/OneDrive-TheMountSinaiHospital/Q-Lab/QRID000028/QRID000028_S000656_11_19_21/QRID000028_S000656_Window_Suite_11_19_21/QRID000028_S000656_Window_Suite_kinect_audio_11_19_21_16_38_54_456.0.wav,-44303832,39360032,1102.3381784669175,4106221.201416231
QRID000028,QRID000028_S000656_11_19_21,/Users/MK/Library/CloudStorage/OneDrive-TheMountSinaiHospital/Q-Lab/QRID000028/QRID000028_S000656_11_19_21/QRID000028_S000656_Window_Suite_11_19_21/QRID000028_S000656_Window_Suite_kinect_audio_11_19_21_16_39_27_520.0.wav,-30016404,34407448,58.02064895590731,3757911.15197894
QRID000028,QRID000028_S000656_11_19_21,/Users/MK/Library/CloudStorage/OneDrive-TheMountSinaiHospital/Q-Lab/QRID000028/QRID000028_S000656_11_19_21/QRID000028_S000656_Window_Suite_11_19_21/QRID000028_S000656_Window_Suite_kinect_audio_11_19_21_17_29_1_728.0.wav,-130355080,132648912,1358.0097995576832,7307197.119158661
QRID000028,QRID000028_S000656_11_19_21,/Users/MK/Library/CloudStorage/OneDrive-TheMountSinaiHospital/Q-Lab/QRID000028/QRID000028_S000656_11_19_21/QRID000028_S000656_Window_Suite_11_19_21/QRID000028_S000656_Window_Suite_kinect_audio_11_19_21_16_38_5_617.0.wav,-59724456,55011740,-9371.567906581236,4614154.620507986
QRID000028,QRID000028_S000656_11_19_21,/Users/MK/Library/CloudStorage/OneDrive-TheMountSinaiHospital/Q-Lab/QRID000028/QRID000028_S000656_11_19_21/QRID000028_S000656_Interview_Lounge_11_19_21/QRID000028_S000656_Interview_Lounge_Interview_Lounge_Shotgun_Mic_AT875R_11_19_21_17_3_59_938.0.wav,-2147483648,2147483392,-902226.3385034355,510447762.14020514
QRID000028,QRID000028_S000656_11_19_21,/Users/MK/Library/CloudStorage/OneDrive-TheMountSinaiHospital/Q-Lab/QRID000028/QRID000028_S000656_11_19_21/QRID000028_S000656_Interview_Lounge_11_19_21/QRID000028_S000656_Interview_Lounge_Interview_Lounge_Shotgun_Mic_AT875R_11_19_21_16_40_40_248.0.wav,-2147483648,2147483392,-1669661.0407966848,558306631.0052391
QRID000814,QRID000814_S001121_3_22_23,/Users/MK/Library/CloudStorage/OneDrive-TheMountSinaiHospital/Q-Lab/QRID000814/QRID000814_S001121_3_22_23/QRID000814_S001121_Interview_Lounge_3_22_23/QRID000814_S001121_Interview_Lounge_Interview_Lounge_Shotgun_Mic_AT875R_3_22_23_13_6_24_266.0.wav,-2147483648,2147483392,-1793581.130265545,543742561.1851252
QRID000814,QRID000814_S001099_2_27_23,/Users/MK/Library/CloudStorage/OneDrive-TheMountSinaiHospital/Q-Lab/QRID000814/QRID000814_S001099_2_27_23/QRID000814_S001099_Interview_Lounge_2_27_23/QRID000814_S001099_Interview_Lounge_Interview_Lounge_Shotgun_Mic_AT875R_2_27_23_16_2_24_61.0.wav,-2409728,2402304,16381.800208353872,466631.97571485187
QRID000814,QRID000814_S001071_1_20_23,/Users/MK/Library/CloudStorage/OneDrive-TheMountSinaiHospital/Q-Lab/QRID000814/QRID000814_S001071_1_20_23/QRID000814_S001071_Interview_Lounge_1_20_23/QRID000814_S001071_Interview_Lounge_Interview_Lounge_Shotgun_Mic_AT875R_1_20_23_12_51_46_414.0.wav,-17566524,8821625,16392.51306056403,476855.1858771125
QRID000814,QRID000814_S001071_1_20_23,/Users/MK/Library/CloudStorage/OneDrive-TheMountSinaiHospital/Q-Lab/QRID000814/QRID000814_S001071_1_20_23/QRID000814_S001071_Interview_Lounge_1_20_23/QRID000814_S001071_Interview_Lounge_Interview_Lounge_Shotgun_Mic_AT875R_1_20_23_12_49_56_98.0.wav,-2230016,2460672,16403.545254879395,471889.96566960943
QRID000814,QRID000814_S000969_9_23_22,/Users/MK/Library/CloudStorage/OneDrive-TheMountSinaiHospital/Q-Lab/QRID000814/QRID000814_S000969_9_23_22/QRID000814_S000969_Interview_Lounge_9_23_22/QRID000814_S000969_Interview_Lounge_Interview_Lounge_Shotgun_Mic_AT875R_9_23_22_12_20_12_287.0.wav,-2412288,2450944,16385.894358525766,479731.54033256177
QRID000814,QRID000814_S000969_9_23_22,/Users/MK/Library/CloudStorage/OneDrive-TheMountSinaiHospital/Q-Lab/QRID000814/QRID000814_S000969_9_23_22/QRID000814_S000969_Interview_Lounge_9_23_22/QRID000814_S000969_Interview_Lounge_Interview_Lounge_Shotgun_Mic_AT875R_9_23_22_12_5_33_317.0.wav,-2484736,2342144,16416.494853052332,474457.06202036544
QRID000814,QRID000814_S001006_10_28_22,/Users/MK/Library/CloudStorage/OneDrive-TheMountSinaiHospital/Q-Lab/QRID000814/QRID000814_S001006_10_28_22/QRID000814_S001006_Interview_Lounge_10_28_22/QRID000814_S001006_Interview_Lounge_Interview_Lounge_Shotgun_Mic_AT875R_10_28_22_14_4_26_341.0.wav,-2423040,2296320,16328.321873681394,483068.8052743867
QRID000814,QRID000814_S001049_12_27_22,/Users/MK/Library/CloudStorage/OneDrive-TheMountSinaiHospital/Q-Lab/QRID000814/QRID000814_S001049_12_27_22/QRID000814_S001049_Interview_Lounge_12_27_22/QRID000814_S001049_Interview_Lounge_Interview_Lounge_Shotgun_Mic_AT875R_12_27_22_13_31_1_631.0.wav,-1938917,1923248,14470.789584799437,417836.0374913992
QRID000814,QRID000814_S001049_12_27_22,/Users/MK/Library/CloudStorage/OneDrive-TheMountSinaiHospital/Q-Lab/QRID000814/QRID000814_S001049_12_27_22/QRID000814_S001049_Interview_Lounge_12_27_22/QRID000814_S001049_Interview_Lounge_Interview_Lounge_Shotgun_Mic_AT875R_12_27_22_13_31_3_175.0.wav,-2281728,2284446,16426.030576169862,450733.5276351543
QRID000814,QRID000814_S001130_3_29_23,/Users/MK/Library/CloudStorage/OneDrive-TheMountSinaiHospital/Q-Lab/QRID000814/QRID000814_S001130_3_29_23/QRID000814_S001130_Interview_Lounge_3_29_23/QRID000814_S001130_Interview_Lounge_Interview_Lounge_Shotgun_Mic_AT875R_3_29_23_12_48_1_547.0.wav,-2147483648,2147483392,-1665016.4698715566,532315928.0691561
QRID000814,QRID000814_S001096_2_21_23,/Users/MK/Library/CloudStorage/OneDrive-TheMountSinaiHospital/Q-Lab/QRID000814/QRID000814_S001096_2_21_23/QRID000814_S001096_Interview_Lounge_2_21_23/QRID000814_S001096_Interview_Lounge_Interview_Lounge_Shotgun_Mic_AT875R_2_21_23_11_32_54_533.0.wav,-2427392,2583552,16404.525539015605,467364.60803084826
QRID000814,QRID000814_S000977_10_4_22,/Users/MK/Library/CloudStorage/OneDrive-TheMountSinaiHospital/Q-Lab/QRID000814/QRID000814_S000977_10_4_22/QRID000814_S000977_Interview_Lounge_10_4_22/QRID000814_S000977_Interview_Lounge_Interview_Lounge_Shotgun_Mic_AT875R_10_4_22_13_25_19_488.0.wav,-2230272,2396928,16390.306952884857,481280.8009989952
QRID000814,QRID000814_S000923_8_8_22,/Users/MK/Library/CloudStorage/OneDrive-TheMountSinaiHospital/Q-Lab/QRID000814/QRID000814_S000923_8_8_22/QRID000814_S000923_Interview_Lounge_8_8_22/QRID000814_S000923_Interview_Lounge_Interview_Lounge_Shotgun_Mic_AT875R_8_8_22_13_29_59_237.0.wav,-2521600,2630656,16380.909702283445,480695.932711977
QRID000814,QRID000814_S001117_3_15_23,/Users/MK/Library/CloudStorage/OneDrive-TheMountSinaiHospital/Q-Lab/QRID000814/QRID000814_S001117_3_15_23/QRID000814_S001117_Interview_Lounge_3_15_23/QRID000814_S001117_Interview_Lounge_Interview_Lounge_Shotgun_Mic_AT875R_3_15_23_12_56_39_223.0.wav,-2147483648,2147483392,-364937.07565589494,310576074.9755991
QRID000814,QRID000814_S001038_12_2_22,/Users/MK/Library/CloudStorage/OneDrive-TheMountSinaiHospital/Q-Lab/QRID000814/QRID000814_S001038_12_2_22/QRID000814_S001038_Interview_Lounge_12_2_22/QRID000814_S001038_Interview_Lounge_Interview_Lounge_Shotgun_Mic_AT875R_12_2_22_12_48_54_279.0.wav,-2232576,2675456,16435.040383807846,480961.37607552396
QRID000043,QRID000043_S000769_2_7_22,/Users/MK/Library/CloudStorage/OneDrive-TheMountSinaiHospital/Q-Lab/QRID000043/QRID000043_S000769_2_7_22/QRID000043_S000769_Interview_Lounge_2_7_22/QRID000043_S000769_Interview_Lounge_Interview_Lounge_Shotgun_Mic_AT875R_2_7_22_16_13_22_93.0.wav,-2138955776,2147483392,-4147.052765283745,266345702.53878486
QRID000043,QRID000043_S000769_2_7_22,/Users/MK/Library/CloudStorage/OneDrive-TheMountSinaiHospital/Q-Lab/QRID000043/QRID000043_S000769_2_7_22/QRID000043_S000769_Interview_Lounge_2_7_22/QRID000043_S000769_Interview_Lounge_Interview_Lounge_Shotgun_Mic_AT875R_2_7_22_16_38_12_768.0.wav,-2147483648,2147483392,-24499.701450883127,327730052.76548374
QRID000043,QRID000043_S000769_2_7_22,/Users/MK/Library/CloudStorage/OneDrive-TheMountSinaiHospital/Q-Lab/QRID000043/QRID000043_S000769_2_7_22/QRID000043_S000769_Window_Suite_2_7_22/QRID000043_S000769_Window_Suite_kinect_audio_2_7_22_16_43_20_664.0.wav,-37977124,40774304,360.19615918088545,4437768.525385797
QRID000043,QRID000043_S000769_2_7_22,/Users/MK/Library/CloudStorage/OneDrive-TheMountSinaiHospital/Q-Lab/QRID000043/QRID000043_S000769_2_7_22/QRID000043_S000769_Window_Suite_2_7_22/QRID000043_S000769_Window_Suite_kinect_audio_2_7_22_16_10_39_193.0.wav,-22610610,18285102,1977.8940220335921,3777899.0962985386
QRID000043,QRID000043_S000769_2_7_22,/Users/MK/Library/CloudStorage/OneDrive-TheMountSinaiHospital/Q-Lab/QRID000043/QRID000043_S000769_2_7_22/QRID000043_S000769_Window_Suite_2_7_22/QRID000043_S000769_Window_Suite_kinect_audio_2_7_22_16_11_55_502.0.wav,-23984760,24052446,-527.3509128701986,3571061.0468724947
QRID000043,QRID000043_S000769_2_7_22,/Users/MK/Library/CloudStorage/OneDrive-TheMountSinaiHospital/Q-Lab/QRID000043/QRID000043_S000769_2_7_22/QRID000043_S000769_Window_Suite_2_7_22/QRID000043_S000769_Window_Suite_kinect_audio_2_7_22_16_11_3_912.0.wav,-19972974,22193746,241.75850597327778,3690003.0039507956
QRID000086,QRID000086_S000976_10_4_22,/Users/MK/Library/CloudStorage/OneDrive-TheMountSinaiHospital/Q-Lab/QRID000086/QRID000086_S000976_10_4_22/QRID000086_S000976_Interview_Lounge_10_4_22/QRID000086_S000976_Interview_Lounge_Interview_Lounge_Shotgun_Mic_AT875R_10_4_22_11_18_33_669.0.wav,-2342400,2230272,16434.715854850227,473630.768027775
QRID000072,QRID000072_S001085_2_8_23,/Users/MK/Library/CloudStorage/OneDrive-TheMountSinaiHospital/Q-Lab/QRID000072/QRID000072_S001085_2_8_23/QRID000072_S001085_Interview_Lounge_2_8_23/QRID000072_S001085_Interview_Lounge_Interview_Lounge_Shotgun_Mic_AT875R_2_8_23_11_15_48_297.0.wav,-2698752,2698496,16390.24187210632,477849.9589121094
QRID000072,QRID000072_S000911_7_27_22,/Users/MK/Library/CloudStorage/OneDrive-TheMountSinaiHospital/Q-Lab/QRID000072/QRID000072_S000911_7_27_22/QRID000072_S000911_Interview_Lounge_7_27_22/QRID000072_S000911_Interview_Lounge_Interview_Lounge_Shotgun_Mic_AT875R_7_27_22_12_40_55_421.0.wav,-2439424,2375680,16453.214564086506,471032.6395588597
QRID000072,QRID000072_S000911_7_27_22,/Users/MK/Library/CloudStorage/OneDrive-TheMountSinaiHospital/Q-Lab/QRID000072/QRID000072_S000911_7_27_22/QRID000072_S000911_Interview_Lounge_7_27_22/QRID000072_S000911_Interview_Lounge_Interview_Lounge_Shotgun_Mic_AT875R_7_27_22_13_4_12_398.0.wav,-2235392,2389504,16418.159391715417,476953.9672658877
QRID000072,QRID000072_S000911_7_27_22,/Users/MK/Library/CloudStorage/OneDrive-TheMountSinaiHospital/Q-Lab/QRID000072/QRID000072_S000911_7_27_22/QRID000072_S000911_Interview_Lounge_7_27_22/QRID000072_S000911_Interview_Lounge_Interview_Lounge_Shotgun_Mic_AT875R_7_27_22_12_58_46_437.0.wav,-3039488,19809792,16386.652430553335,478552.3668635619
QRID000075,QRID000075_S000919_8_3_22,/Users/MK/Library/CloudStorage/OneDrive-TheMountSinaiHospital/Q-Lab/QRID000075/QRID000075_S000919_8_3_22/QRID000075_S000919_Interview_Lounge_8_3_22/QRID000075_S000919_Interview_Lounge_Interview_Lounge_Shotgun_Mic_AT875R_8_3_22_12_31_21_340.0.wav,-2529280,2720000,16384.205429156525,480662.4180687306
QRID000075,QRID000075_S000919_8_3_22,/Users/MK/Library/CloudStorage/OneDrive-TheMountSinaiHospital/Q-Lab/QRID000075/QRID000075_S000919_8_3_22/QRID000075_S000919_Interview_Lounge_8_3_22/QRID000075_S000919_Interview_Lounge_Interview_Lounge_Shotgun_Mic_AT875R_8_3_22_12_12_30_76.0.wav,-2146560,2279424,16308.99720366702,449865.9361571015
QRID000075,QRID000075_S000919_8_3_22,/Users/MK/Library/CloudStorage/OneDrive-TheMountSinaiHospital/Q-Lab/QRID000075/QRID000075_S000919_8_3_22/QRID000075_S000919_Interview_Lounge_8_3_22/QRID000075_S000919_Interview_Lounge_Interview_Lounge_Shotgun_Mic_AT875R_8_3_22_12_43_0_360.0.wav,-2507008,2421504,16379.888324751526,483541.953563947
QRID000016,QRID000016_S_8_20_21,/Users/MK/Library/CloudStorage/OneDrive-TheMountSinaiHospital/Q-Lab/QRID000016/QRID000016_S_8_20_21/QRID000016_S_Interview_Lounge_8_20_21/QRID000016_S_Interview_Lounge_Interview_Lounge_Shotgun_Mic_AT875R_8_20_21_12_49_2_503.0.wav,-968817664,1372625664,16481.213092536105,78489071.72829618
QRID000016,QRID000016_S_8_20_21,/Users/MK/Library/CloudStorage/OneDrive-TheMountSinaiHospital/Q-Lab/QRID000016/QRID000016_S_8_20_21/QRID000016_S_Interview_Lounge_8_20_21/QRID000016_S_Interview_Lounge_Interview_Lounge_Shotgun_Mic_AT875R_8_20_21_12_37_0_264.0.wav,-250832512,327438592,35597.14080632253,29347559.651774917
QRID000016,QRID000016_S_8_20_21,/Users/MK/Library/CloudStorage/OneDrive-TheMountSinaiHospital/Q-Lab/QRID000016/QRID000016_S_8_20_21/QRID000016_S_Interview_Lounge_8_20_21/QRID000016_S_Interview_Lounge_Interview_Lounge_Shotgun_Mic_AT875R_8_20_21_12_36_1_71.0.wav,-692762240,634191488,16502.215734910984,46774200.3059337
QRID000016,QRID000016_S_8_20_21,/Users/MK/Library/CloudStorage/OneDrive-TheMountSinaiHospital/Q-Lab/QRID000016/QRID000016_S_8_20_21/QRID000016_S_Interview_Lounge_8_20_21/QRID000016_S_Interview_Lounge_Interview_Lounge_Shotgun_Mic_AT875R_8_20_21_12_57_21_337.0.wav,-1167951360,1369982592,9937.396165132719,115960109.90887432
QRID000016,QRID000016_S_8_20_21,/Users/MK/Library/CloudStorage/OneDrive-TheMountSinaiHospital/Q-Lab/QRID000016/QRID000016_S_8_20_21/QRID000016_S_Interactive_Wall_8_20_21/QRID000016_S_Interactive_Wall_kinect_audio_8_20_21_12_37_11_313.0.wav,-30987866,34288872,-2780.038226480303,3575848.812601907
QRID000016,QRID000016_S_8_20_21,/Users/MK/Library/CloudStorage/OneDrive-TheMountSinaiHospital/Q-Lab/QRID000016/QRID000016_S_8_20_21/QRID000016_S_Interactive_Wall_8_20_21/QRID000016_S_Interactive_Wall_kinect_audio_8_20_21_12_37_51_869.0.wav,-93718416,112023480,656.4532893276005,5440072.824785948
QRID000016,QRID000016_S_8_20_21,/Users/MK/Library/CloudStorage/OneDrive-TheMountSinaiHospital/Q-Lab/QRID000016/QRID000016_S_8_20_21/QRID000016_S_Interactive_Wall_8_20_21/QRID000016_S_Interactive_Wall_kinect_audio_8_20_21_12_40_5_860.0.wav,-149885408,144118064,-523.9900538996637,7215762.2849345645
QRID000016,QRID000016_S_8_20_21,/Users/MK/Library/CloudStorage/OneDrive-TheMountSinaiHospital/Q-Lab/QRID000016/QRID000016_S_8_20_21/QRID000016_S_Interactive_Wall_8_20_21/QRID000016_S_Interactive_Wall_kinect_audio_8_20_21_12_46_5_364.0.wav,-58001128,70181200,2506.239413627695,4337430.23538309
QRID000016,QRID000016_S_8_20_21,/Users/MK/Library/CloudStorage/OneDrive-TheMountSinaiHospital/Q-Lab/QRID000016/QRID000016_S_8_20_21/QRID000016_S_Interactive_Wall_8_20_21/QRID000016_S_Interactive_Wall_kinect_audio_8_20_21_12_38_32_714.0.wav,-42206472,44893528,510.4660060690943,3643914.2802534634
QRID000016,QRID000016_S_8_20_21,/Users/MK/Library/CloudStorage/OneDrive-TheMountSinaiHospital/Q-Lab/QRID000016/QRID000016_S_8_20_21/QRID000016_S_Interactive_Wall_8_20_21/QRID000016_S_Interactive_Wall_kinect_audio_8_20_21_12_40_53_945.0.wav,-60622648,73835616,1704.2963154460695,4055551.2353573926
QRID000016,QRID000016_S_8_20_21,/Users/MK/Library/CloudStorage/OneDrive-TheMountSinaiHospital/Q-Lab/QRID000016/QRID000016_S_8_20_21/QRID000016_S_Window_Suite_8_20_21/QRID000016_S_Window_Suite_kinect_audio_8_20_21_12_34_47_812.0.wav,-27076480,27671144,1605.5973448725285,4282486.529644436
QRID000016,QRID000016_S_8_20_21,/Users/MK/Library/CloudStorage/OneDrive-TheMountSinaiHospital/Q-Lab/QRID000016/QRID000016_S_8_20_21/QRID000016_S_Window_Suite_8_20_21/QRID000016_S_Window_Suite_kinect_audio_8_20_21_12_25_44_173.0.wav,-20054182,17170956,309.1801725353354,4269741.630469132
QRID000016,QRID000016_S_8_20_21,/Users/MK/Library/CloudStorage/OneDrive-TheMountSinaiHospital/Q-Lab/QRID000016/QRID000016_S_8_20_21/QRID000016_S_Window_Suite_8_20_21/QRID000016_S_Window_Suite_kinect_audio_8_20_21_12_33_51_764.0.wav,-53221856,59246352,1099.2057721596102,5090490.242051267
QRID000016,QRID000016_S_8_20_21,/Users/MK/Library/CloudStorage/OneDrive-TheMountSinaiHospital/Q-Lab/QRID000016/QRID000016_S_8_20_21/QRID000016_S_Window_Suite_8_20_21/QRID000016_S_Window_Suite_kinect_audio_8_20_21_12_33_13_972.0.wav,-224705344,142011024,1890.4260620444034,6668664.605345134
QRID000815,QRID000815_S001001_10_27_22,/Users/MK/Library/CloudStorage/OneDrive-TheMountSinaiHospital/Q-Lab/QRID000815/QRID000815_S001001_10_27_22/QRID000815_S001001_Interview_Lounge_10_27_22/QRID000815_S001001_Interview_Lounge_Interview_Lounge_Shotgun_Mic_AT875R_10_27_22_11_54_22_867.0.wav,-2206464,2436096,16412.006462585035,482981.2181787995
QRID000815,QRID000815_S001028_11_18_22,/Users/MK/Library/CloudStorage/OneDrive-TheMountSinaiHospital/Q-Lab/QRID000815/QRID000815_S001028_11_18_22/QRID000815_S001028_Interview_Lounge_11_18_22/QRID000815_S001028_Interview_Lounge_Interview_Lounge_Shotgun_Mic_AT875R_11_18_22_11_59_33_186.0.wav,-2392832,2439680,16431.206316353313,463889.7626030296
QRID000815,QRID000815_S001147_4_14_23,/Users/MK/Library/CloudStorage/OneDrive-TheMountSinaiHospital/Q-Lab/QRID000815/QRID000815_S001147_4_14_23/QRID000815_S001147_Interview_Lounge_4_14_23/QRID000815_S001147_Interview_Lounge_Interview_Lounge_Shotgun_Mic_AT875R_4_14_23_10_59_24_390.0.wav,-2147483648,2147483392,65206.383864049436,339775216.0209384
QRID000815,QRID000815_S001154_4_21_23,/Users/MK/Library/CloudStorage/OneDrive-TheMountSinaiHospital/Q-Lab/QRID000815/QRID000815_S001154_4_21_23/QRID000815_S001154_Interview_Lounge_4_21_23/QRID000815_S001154_Interview_Lounge_Interview_Lounge_Shotgun_Mic_AT875R_4_21_23_11_21_48_794.0.wav,-2147483648,2147483392,3722.3494345790264,275098116.2254792
QRID000815,QRID000815_S001154_4_21_23,/Users/MK/Library/CloudStorage/OneDrive-TheMountSinaiHospital/Q-Lab/QRID000815/QRID000815_S001154_4_21_23/QRID000815_S001154_Interview_Lounge_4_21_23/QRID000815_S001154_Interview_Lounge_Interview_Lounge_Shotgun_Mic_AT875R_4_21_23_11_32_11_763.0.wav,-2147483648,2147483392,25788.49961161478,255505775.72065312
QRID000815,QRID000815_S000957_8_31_22,/Users/MK/Library/CloudStorage/OneDrive-TheMountSinaiHospital/Q-Lab/QRID000815/QRID000815_S000957_8_31_22/QRID000815_S000957_Interview_Lounge_8_31_22/QRID000815_S000957_Interview_Lounge_Interview_Lounge_Shotgun_Mic_AT875R_8_31_22_14_56_39_96.0.wav,-2595072,2749952,16389.962457897105,482282.30339165876
QRID000815,QRID000815_S000957_8_31_22,/Users/MK/Library/CloudStorage/OneDrive-TheMountSinaiHospital/Q-Lab/QRID000815/QRID000815_S000957_8_31_22/QRID000815_S000957_Interview_Lounge_8_31_22/QRID000815_S000957_Interview_Lounge_Interview_Lounge_Shotgun_Mic_AT875R_8_31_22_14_35_3_814.0.wav,-2445568,2495232,16399.58184829663,485542.71295102226
QRID000815,QRID000815_S001088_2_10_23,/Users/MK/Library/CloudStorage/OneDrive-TheMountSinaiHospital/Q-Lab/QRID000815/QRID000815_S001088_2_10_23/QRID000815_S001088_Interview_Lounge_2_10_23/QRID000815_S001088_Interview_Lounge_Interview_Lounge_Shotgun_Mic_AT875R_2_10_23_11_58_6_21.0.wav,-2393088,2464768,16355.517083842084,470797.5244343569
QRID000815,QRID000815_S001141_4_7_23,/Users/MK/Library/CloudStorage/OneDrive-TheMountSinaiHospital/Q-Lab/QRID000815/QRID000815_S001141_4_7_23/QRID000815_S001141_Interview_Lounge_4_7_23/QRID000815_S001141_Interview_Lounge_Interview_Lounge_Shotgun_Mic_AT875R_4_7_23_11_25_0_731.0.wav,-2147483648,2147483392,10418.581757644419,341297289.08684075
QRID000815,QRID000815_S001060_1_13_23,/Users/MK/Library/CloudStorage/OneDrive-TheMountSinaiHospital/Q-Lab/QRID000815/QRID000815_S001060_1_13_23/QRID000815_S001060_Interview_Lounge_1_13_23/QRID000815_S001060_Interview_Lounge_Interview_Lounge_Shotgun_Mic_AT875R_1_13_23_11_45_24_490.0.wav,-2164736,2417152,16373.944303758088,484498.538087886
QRID000029,QRID000029_S001210_6_21_23,/Users/MK/Library/CloudStorage/OneDrive-TheMountSinaiHospital/Q-Lab/QRID000029/QRID000029_S001210_6_21_23/QRID000029_S001210_Interview_Lounge_6_21_23/QRID000029_S001210_Interview_Lounge_Interview_Lounge_Shotgun_Mic_AT875R_6_21_23_16_16_57_4.0.wav,-2147483648,2147483392,-193782.21320310739,348385294.97796315
QRID000029,QRID000029_S000660_11_22_21,/Users/MK/Library/CloudStorage/OneDrive-TheMountSinaiHospital/Q-Lab/QRID000029/QRID000029_S000660_11_22_21/QRID000029_S000660_Interview_Lounge_11_22_21/QRID000029_S000660_Interview_Lounge_Interview_Lounge_Shotgun_Mic_AT875R_11_22_21_15_39_34_892.0.wav,-2147483648,2147483392,-97942.04359954869,254707649.12082663
QRID000029,QRID000029_S000660_11_22_21,/Users/MK/Library/CloudStorage/OneDrive-TheMountSinaiHospital/Q-Lab/QRID000029/QRID000029_S000660_11_22_21/QRID000029_S000660_Interview_Lounge_11_22_21/QRID000029_S000660_Interview_Lounge_Interview_Lounge_Shotgun_Mic_AT875R_11_22_21_17_16_25_85.0.wav,-2147483648,2147483392,16269.539091667686,194254101.6652793
QRID000029,QRID000029_S000660_11_22_21,/Users/MK/Library/CloudStorage/OneDrive-TheMountSinaiHospital/Q-Lab/QRID000029/QRID000029_S000660_11_22_21/QRID000029_S000660_Interview_Lounge_11_22_21/QRID000029_S000660_Interview_Lounge_Interview_Lounge_Shotgun_Mic_AT875R_11_22_21_16_52_20_530.0.wav,-2147483648,2147483392,-10440.210901498811,237937895.014642
QRID000029,QRID000029_S000660_11_22_21,/Users/MK/Library/CloudStorage/OneDrive-TheMountSinaiHospital/Q-Lab/QRID000029/QRID000029_S000660_11_22_21/QRID000029_S000660_Window_Suite_11_22_21/QRID000029_S000660_Window_Suite_kinect_audio_11_22_21_17_22_48_354.0.wav,-76286232,79235440,1428.046063092647,4056897.583033035
QRID000029,QRID000029_S000660_11_22_21,/Users/MK/Library/CloudStorage/OneDrive-TheMountSinaiHospital/Q-Lab/QRID000029/QRID000029_S000660_11_22_21/QRID000029_S000660_Window_Suite_11_22_21/QRID000029_S000660_Window_Suite_kinect_audio_11_22_21_16_50_20_533.0.wav,-142479616,140120240,2369.1322331873926,3910313.815305393
QRID000029,QRID000029_S000660_11_22_21,/Users/MK/Library/CloudStorage/OneDrive-TheMountSinaiHospital/Q-Lab/QRID000029/QRID000029_S000660_11_22_21/QRID000029_S000660_Window_Suite_11_22_21/QRID000029_S000660_Window_Suite_kinect_audio_11_22_21_16_49_38_608.0.wav,-28128198,23106742,3433.876701628607,3553765.1516126706
QRID000029,QRID000029_S000660_11_22_21,/Users/MK/Library/CloudStorage/OneDrive-TheMountSinaiHospital/Q-Lab/QRID000029/QRID000029_S000660_11_22_21/QRID000029_S000660_Window_Suite_11_22_21/QRID000029_S000660_Window_Suite_kinect_audio_11_22_21_16_48_51_931.0.wav,-19464786,33361636,990.6908250825082,3752633.6406257534
QRID000029,QRID000029_S000660_11_22_21,/Users/MK/Library/CloudStorage/OneDrive-TheMountSinaiHospital/Q-Lab/QRID000029/QRID000029_S000660_11_22_21/QRID000029_S000660_Interactive_Wall_11_22_21/QRID000029_S000660_Interactive_Wall_kinect_audio_11_22_21_17_1_24_783.0.wav,-41551092,47796540,-4373.328457023172,2720932.330423049
QRID000029,QRID000029_S000660_11_22_21,/Users/MK/Library/CloudStorage/OneDrive-TheMountSinaiHospital/Q-Lab/QRID000029/QRID000029_S000660_11_22_21/QRID000029_S000660_Interactive_Wall_11_22_21/QRID000029_S000660_Interactive_Wall_kinect_audio_11_22_21_17_2_0_903.0.wav,-44843884,38265060,-8301.705073831765,2733099.6505478793
QRID000029,QRID000029_S000660_11_22_21,/Users/MK/Library/CloudStorage/OneDrive-TheMountSinaiHospital/Q-Lab/QRID000029/QRID000029_S000660_11_22_21/QRID000029_S000660_Interactive_Wall_11_22_21/QRID000029_S000660_Interactive_Wall_kinect_audio_11_22_21_17_5_11_200.0.wav,-36468236,37642092,-4112.695393359042,2482406.0304850615
QRID000029,QRID000029_S000660_11_22_21,/Users/MK/Library/CloudStorage/OneDrive-TheMountSinaiHospital/Q-Lab/QRID000029/QRID000029_S000660_11_22_21/QRID000029_S000660_Interactive_Wall_11_22_21/QRID000029_S000660_Interactive_Wall_kinect_audio_11_22_21_17_3_9_49.0.wav,-35750888,33752072,-5616.379711123886,2723198.779221181
